clade	gene	site	alt
A	NA	246	S
A	NA	220	E
A.1	clade	A	
A.1	NA	220	D
A.1	NA	246	T
A.1	NA	160	S
A.1	NA	92	D
A.2	clade	A	
A.2	NA	220	D
A.2	nuc	899	C
A.2	NA	467	H
A.2	NA	246	T
A.2.1	clade	A.2	
A.2.1	NA	343	K
A.2.1	NA	154	H
A.2.1	NA	74	R
A.2.2	clade	A.2	
A.2.2	NA	302	I
A.2.2	NA	219	N
A.2.2.1	clade	A.2.2	
A.2.2.1	NA	343	K
A.2.2.1	NA	468	T
A.2.2.1	nuc	401	A
A.2.2.2	clade	A.2.2	
A.2.2.2	NA	262	I
A.2.2.2	nuc	863	T
A.2.2.2	NA	345	S
B	clade	A.2.2	
B	NA	314	R
B	NA	462	N
B	NA	464	S
B.1	clade	B	
B.1	nuc	674	A
B.1	NA	61	M
B.1.1	clade	B.1	
B.1.1	NA	72	V
B.1.1	NA	220	N
B.1.1	nuc	638	T
B.2	clade	B	
B.2	nuc	674	A
B.2	NA	345	G
B.2.2	clade	B.2	
B.2.2	NA	237	A
B.2.2	NA	81	E
B.3	clade	B	
B.3	nuc	1010	C
B.3	nuc	674	A
B.3	NA	328	N
B.4	clade	B	
B.4	nuc	1010	C
B.4	nuc	674	A
B.4	NA	468	T
B.4	NA	328	S
